#Perturbations,#Incorrect relationship mean,#Incorrect relationship std,#Incorrect gen relationship mean,#Incorrect gen relationship std,Noise Level
1,0.6666666666666666,0.4714045207910317,0.0,0.0,0.001
11,0.0,0.0,0.0,0.0,0.001
21,0.0,0.0,0.0,0.0,0.001
31,0.0,0.0,0.0,0.0,0.001
41,0.0,0.0,0.0,0.0,0.001
51,0.0,0.0,0.0,0.0,0.001
61,0.0,0.0,0.0,0.0,0.001
71,0.0,0.0,0.0,0.0,0.001
81,0.0,0.0,0.0,0.0,0.001
91,0.0,0.0,0.0,0.0,0.001
100,0.0,0.0,0.0,0.0,0.001
