#Perturbations,#Incorrect relationship mean,#Incorrect relationship std,#Incorrect gen relationship mean,#Incorrect gen relationship std,Noise Level
1,4.333333333333333,0.4714045207910317,0.3333333333333333,0.4714045207910317,0.01
11,0.0,0.0,0.0,0.0,0.01
21,0.0,0.0,0.0,0.0,0.01
31,0.0,0.0,0.0,0.0,0.01
41,0.0,0.0,0.0,0.0,0.01
51,0.0,0.0,0.0,0.0,0.01
61,0.0,0.0,0.0,0.0,0.01
71,0.0,0.0,0.0,0.0,0.01
81,0.0,0.0,0.0,0.0,0.01
91,0.0,0.0,0.0,0.0,0.01
100,0.0,0.0,0.0,0.0,0.01
