x,u,theta,omega
0, 0, 0.785398163397, 0
-1, 0, 0.785398163397, 0
-10, 1, 0.2, 1
-9, 0, 0.785398163397, 0
-10, 1, -0.785398163397, 1