x,u,theta,omega
0, 0, 2.35619449, 0.8
-1, 0, 2.35619449, -0.8
-10, 1, -2.35619449, 0.8
-9, 0, -2.35619449, -0.8