k,kr,kcat
2.12456, 1.10124, 1.5093