#Perturbations,#Incorrect relationship mean,#Incorrect relationship std,#Incorrect gen relationship mean,#Incorrect gen relationship std,Noise Level
1,0.5,0.8660254037844386,0.0,0.0,0.0
6,0.5,0.8660254037844386,0.0,0.0,0.0
11,0.0,0.0,0.0,0.0,0.0
16,0.0,0.0,0.0,0.0,0.0
21,0.0,0.0,0.0,0.0,0.0
26,0.0,0.0,0.0,0.0,0.0
31,0.0,0.0,0.0,0.0,0.0
36,0.0,0.0,0.0,0.0,0.0
41,0.0,0.0,0.0,0.0,0.0
46,0.0,0.0,0.0,0.0,0.0
51,0.0,0.0,0.0,0.0,0.0
56,0.0,0.0,0.0,0.0,0.0
61,0.0,0.0,0.0,0.0,0.0
66,0.0,0.0,0.0,0.0,0.0
71,0.0,0.0,0.0,0.0,0.0
76,0.0,0.0,0.0,0.0,0.0
81,0.0,0.0,0.0,0.0,0.0
86,0.0,0.0,0.0,0.0,0.0
91,0.0,0.0,0.0,0.0,0.0
96,0.0,0.0,0.0,0.0,0.0
100,0.0,0.0,0.0,0.0,0.0
1,0.5,0.8660254037844386,0.0,0.0,0.0001
6,0.5,0.8660254037844386,0.0,0.0,0.0001
11,0.0,0.0,0.0,0.0,0.0001
16,0.0,0.0,0.0,0.0,0.0001
21,0.0,0.0,0.0,0.0,0.0001
26,0.0,0.0,0.0,0.0,0.0001
31,0.0,0.0,0.0,0.0,0.0001
36,0.0,0.0,0.0,0.0,0.0001
41,0.0,0.0,0.0,0.0,0.0001
46,0.0,0.0,0.0,0.0,0.0001
51,0.0,0.0,0.0,0.0,0.0001
56,0.0,0.0,0.0,0.0,0.0001
61,0.0,0.0,0.0,0.0,0.0001
66,0.0,0.0,0.0,0.0,0.0001
71,0.0,0.0,0.0,0.0,0.0001
76,0.0,0.0,0.0,0.0,0.0001
81,0.0,0.0,0.0,0.0,0.0001
86,0.0,0.0,0.0,0.0,0.0001
91,0.0,0.0,0.0,0.0,0.0001
96,0.0,0.0,0.0,0.0,0.0001
100,0.0,0.0,0.0,0.0,0.0001
1,0.5,0.8660254037844386,0.0,0.0,0.001
6,0.5,0.8660254037844386,0.0,0.0,0.001
11,0.0,0.0,0.0,0.0,0.001
16,0.0,0.0,0.0,0.0,0.001
21,0.0,0.0,0.0,0.0,0.001
26,0.0,0.0,0.0,0.0,0.001
31,0.0,0.0,0.0,0.0,0.001
36,0.0,0.0,0.0,0.0,0.001
41,0.0,0.0,0.0,0.0,0.001
46,0.0,0.0,0.0,0.0,0.001
51,0.0,0.0,0.0,0.0,0.001
56,0.0,0.0,0.0,0.0,0.001
61,0.0,0.0,0.0,0.0,0.001
66,0.0,0.0,0.0,0.0,0.001
71,0.0,0.0,0.0,0.0,0.001
76,0.0,0.0,0.0,0.0,0.001
81,0.0,0.0,0.0,0.0,0.001
86,0.0,0.0,0.0,0.0,0.001
91,0.0,0.0,0.0,0.0,0.001
96,0.0,0.0,0.0,0.0,0.001
100,0.0,0.0,0.0,0.0,0.001
1,4.0,0.7071067811865476,1.25,0.82915619758885,0.01
6,0.5,0.8660254037844386,0.0,0.0,0.01
11,0.0,0.0,0.0,0.0,0.01
16,0.0,0.0,0.0,0.0,0.01
21,0.0,0.0,0.0,0.0,0.01
26,0.0,0.0,0.0,0.0,0.01
31,0.0,0.0,0.0,0.0,0.01
36,0.0,0.0,0.0,0.0,0.01
41,0.0,0.0,0.0,0.0,0.01
46,0.0,0.0,0.0,0.0,0.01
51,0.0,0.0,0.0,0.0,0.01
56,0.0,0.0,0.0,0.0,0.01
61,0.0,0.0,0.0,0.0,0.01
66,0.0,0.0,0.0,0.0,0.01
71,0.0,0.0,0.0,0.0,0.01
76,0.0,0.0,0.0,0.0,0.01
81,0.0,0.0,0.0,0.0,0.01
86,0.0,0.0,0.0,0.0,0.01
91,0.0,0.0,0.0,0.0,0.01
96,0.0,0.0,0.0,0.0,0.01
100,0.0,0.0,0.0,0.0,0.01
