V,A,omega_R,D,H
1,1.81999999983243,376.991118430775,50,7.2799999993297
1.02,3.18,376.991118430775,50,12.72
1,-0.5,376.991118430775,50,0
1.02,-0.8,376.991118430775,50,0
0.989851978977298,-1.7,376.991118430775,50,0
0.978761942509184,-2,376.991118430775,50,0
