V,A,omega_R,D,H
1,0.67,376.991118430775,50,2.68
1,1.63,376.991118430775,50,6.52
1,0.85,376.991118430775,50,3.4
1,-0,376.991118430775,50,0
1,-0,376.991118430775,50,0
1,-0,376.991118430775,50,0
0.993429893904358,-0,376.991118430775,50,0
0.991343088625664,-0.9,376.991118430775,50,0
1.00166405998088,-0,376.991118430775,50,0
0.987696493723745,-1,376.991118430775,50,0
0.992276450117776,-0,376.991118430775,50,0
0.973556482775138,-1.25,376.991118430775,50,0
